step,hours,val_loss,train_loss_epoch,train_loss_step,lr-AdamW,epoch,gradient_2norm
28,0.0001,,,1.21496,1.12e-05,0,0.962233
57,0.0018,,,1.00781,2.28e-05,0,0.536744
86,0.0035,,,0.947886,3.44e-05,0,0.443488
115,0.0053,,,0.864895,4.6e-05,0,0.380864
144,0.0070,,,0.734747,5.76e-05,0,0.553134
173,0.0088,,,0.630966,6.92e-05,0,1.09839
202,0.0105,,,0.548766,8.08e-05,0,1.28353
231,0.0123,,,0.496233,9.24e-05,0,0.367672
260,0.0140,,,0.481607,0.000104,0,0.473944
289,0.0157,,,0.434717,0.0001156,0,0.454746
318,0.0175,,,0.417195,0.0001272,0,0.367489
347,0.0192,,,0.387358,0.0001388,0,0.298645
376,0.0210,,,0.412519,0.0001504,0,0.329019
405,0.0227,,,0.410079,0.000162,0,0.642406
434,0.0244,,,0.35302,0.0001736,0,0.462661
453,0.0290,0.358438,0.636586,,,0,
463,0.0301,,,0.356022,0.0001852,1,0.330405
492,0.0318,,,0.36678,0.0001968,1,0.39239
521,0.0336,,,0.371531,0.0002084,1,0.554924
550,0.0353,,,0.337572,0.00022,1,0.620989
579,0.0370,,,0.368499,0.0002316,1,0.521669
608,0.0388,,,0.357816,0.0002432,1,0.300376
637,0.0405,,,0.329963,0.0002548,1,0.456709
666,0.0422,,,0.338756,0.0002664,1,0.399521
695,0.0439,,,0.344505,0.000278,1,0.384752
724,0.0457,,,0.333777,0.0002896,1,0.411589
753,0.0474,,,0.34957,0.0003012,1,0.472085
782,0.0491,,,0.367824,0.0003128,1,0.492477
811,0.0508,,,0.334307,0.0003244,1,0.402049
840,0.0525,,,0.334592,0.000336,1,0.382082
869,0.0542,,,0.32656,0.0003476,1,0.260027
898,0.0559,,,0.331718,0.0003592,1,0.301117
907,0.0600,0.32395,0.345404,,,1,
927,0.0616,,,0.329513,0.0003708,2,0.387389
956,0.0633,,,0.318552,0.0003824,2,0.311087
985,0.0650,,,0.325568,0.000394,2,0.322469
1014,0.0668,,,0.330183,0.000399999,2,0.379788
1043,0.0685,,,0.328021,0.000399988,2,0.374003
1072,0.0702,,,0.320385,0.000399968,2,0.232679
1101,0.0719,,,0.339629,0.000399937,2,0.417357
1130,0.0736,,,0.306464,0.000399895,2,0.314222
1159,0.0753,,,0.317523,0.000399843,2,0.309324
1188,0.0770,,,0.304593,0.00039978,2,0.289377
1217,0.0787,,,0.318303,0.000399707,2,0.269981
1246,0.0805,,,0.309016,0.000399624,2,0.297021
1275,0.0822,,,0.326841,0.00039953,2,0.430317
1304,0.0839,,,0.311703,0.000399426,2,0.247477
1333,0.0856,,,0.323578,0.000399311,2,0.275262
1361,0.0908,0.30696,0.320307,,,2,
1362,0.0913,,,0.307166,0.000399186,3,0.277768
1391,0.0930,,,0.317782,0.00039905,3,0.183724
1420,0.0948,,,0.313276,0.000398904,3,0.225017
1449,0.0965,,,0.295942,0.000398748,3,0.199755
1478,0.0983,,,0.322066,0.000398581,3,0.366773
1507,0.1000,,,0.309138,0.000398404,3,0.235421
1536,0.1018,,,0.305286,0.000398217,3,0.258326
1565,0.1036,,,0.317124,0.000398019,3,0.34641
1594,0.1053,,,0.317957,0.000397811,3,0.233321
1623,0.1071,,,0.29885,0.000397592,3,0.208202
1652,0.1088,,,0.308739,0.000397363,3,0.204651
1681,0.1105,,,0.303076,0.000397124,3,0.23273
1710,0.1123,,,0.304355,0.000396874,3,0.259472
1739,0.1140,,,0.300959,0.000396615,3,0.218392
1768,0.1157,,,0.314791,0.000396344,3,0.29246
1797,0.1175,,,0.317838,0.000396064,3,0.180405
1815,0.1221,0.302249,0.310528,,,3,
1826,0.1232,,,0.324156,0.000395773,4,0.230403
1855,0.1249,,,0.30519,0.000395473,4,0.165535
1884,0.1266,,,0.297851,0.000395162,4,0.167612
1913,0.1283,,,0.306967,0.00039484,4,0.192818
1942,0.1300,,,0.303198,0.000394509,4,0.196399
1971,0.1317,,,0.299657,0.000394167,4,0.163425
2000,0.1335,,,0.311801,0.000393815,4,0.270988
2029,0.1352,,,0.290641,0.000393454,4,0.263118
2058,0.1369,,,0.293799,0.000393082,4,0.347442
2087,0.1386,,,0.318012,0.000392699,4,0.255504
2116,0.1403,,,0.302886,0.000392307,4,0.248201
2145,0.1420,,,0.304055,0.000391905,4,0.189668
2174,0.1438,,,0.312027,0.000391493,4,0.204538
2203,0.1455,,,0.294071,0.00039107,4,0.18952
2232,0.1472,,,0.302464,0.000390638,4,0.266775
2261,0.1489,,,0.291942,0.000390196,4,0.213525
2269,0.1529,0.299325,0.30538,,,4,
2290,0.1546,,,0.289785,0.000389744,5,0.248847
2319,0.1563,,,0.289435,0.000389282,5,0.247118
2348,0.1580,,,0.316415,0.00038881,5,0.253319
2377,0.1597,,,0.303441,0.000388328,5,0.177867
2406,0.1614,,,0.291275,0.000387836,5,0.197403
2435,0.1631,,,0.302691,0.000387334,5,0.22974
2464,0.1649,,,0.294138,0.000386823,5,0.187351
2493,0.1666,,,0.288598,0.000386302,5,0.169247
2522,0.1683,,,0.304558,0.000385771,5,0.23347
2551,0.1700,,,0.2889,0.000385231,5,0.229245
2580,0.1717,,,0.302732,0.00038468,5,0.287343
2609,0.1734,,,0.31317,0.00038412,5,0.244994
2638,0.1751,,,0.317181,0.000383551,5,0.242656
2667,0.1769,,,0.321968,0.000382972,5,0.298394
2696,0.1786,,,0.309304,0.000382383,5,0.308524
2723,0.1836,0.30712,0.303735,,,5,
2725,0.1842,,,0.320818,0.000381785,6,0.231258
2754,0.1859,,,0.30909,0.000381177,6,0.271949
2783,0.1876,,,0.346993,0.00038056,6,0.374129
2812,0.1893,,,0.325027,0.000379933,6,0.237692
2841,0.1910,,,0.315907,0.000379297,6,0.321002
2870,0.1927,,,0.343387,0.000378652,6,0.184887
2899,0.1944,,,0.323214,0.000377997,6,0.227974
2928,0.1962,,,0.324557,0.000377333,6,0.423284
2957,0.1979,,,0.344476,0.00037666,6,0.284799
2986,0.1996,,,0.333003,0.000375977,6,0.485083
3015,0.2013,,,0.353204,0.000375285,6,0.398433
3044,0.2030,,,0.334954,0.000374584,6,0.184513
3073,0.2047,,,0.334729,0.000373874,6,0.236713
3102,0.2064,,,0.309408,0.000373155,6,0.204972
3131,0.2082,,,0.355973,0.000372427,6,0.348091
3160,0.2098,,,0.341273,0.00037169,6,0.503039
3177,0.2144,0.351266,0.328583,,,6,
3189,0.2155,,,0.38172,0.000370944,7,0.551419
3218,0.2172,,,0.323385,0.000370188,7,0.348896
3247,0.2189,,,0.326153,0.000369424,7,0.41403
3276,0.2206,,,0.33601,0.000368651,7,0.377742
3305,0.2223,,,0.343022,0.00036787,7,0.310406
3334,0.2240,,,0.322294,0.000367079,7,0.388398
3363,0.2257,,,0.327246,0.00036628,7,0.251099
3392,0.2274,,,0.325031,0.000365472,7,0.209012
3421,0.2291,,,0.354288,0.000364656,7,0.371116
3450,0.2309,,,0.360136,0.00036383,7,0.260801
3479,0.2326,,,0.322995,0.000362997,7,4.04737
3508,0.2343,,,0.335135,0.000362154,7,0.361303
3537,0.2360,,,0.317176,0.000361304,7,0.248371
3566,0.2377,,,0.324022,0.000360444,7,0.314174
3595,0.2394,,,0.307373,0.000359577,7,0.266679
3624,0.2411,,,0.306699,0.000358701,7,0.339573
3631,0.2450,0.322416,0.332635,,,7,
3653,0.2467,,,0.321613,0.000357817,8,0.272904
3682,0.2484,,,0.329339,0.000356924,8,0.309038
3711,0.2501,,,0.334854,0.000356024,8,0.25624
3740,0.2518,,,0.328042,0.000355115,8,0.251855
3769,0.2535,,,0.33601,0.000354198,8,0.251802
3798,0.2553,,,0.341054,0.000353273,8,0.265962
3827,0.2570,,,0.30801,0.00035234,8,0.268203
3856,0.2587,,,0.313036,0.000351399,8,0.272979
3885,0.2604,,,0.315886,0.00035045,8,0.225112
3914,0.2621,,,0.316115,0.000349493,8,0.21446
3943,0.2638,,,0.322056,0.000348529,8,0.370782
3972,0.2655,,,0.315914,0.000347556,8,0.161072
4001,0.2672,,,0.334608,0.000346576,8,0.196993
4030,0.2689,,,0.342605,0.000345589,8,0.161682
4059,0.2706,,,0.35303,0.000344593,8,0.224512
4085,0.2756,0.318828,0.322411,,,8,
4088,0.2762,,,0.32989,0.000343591,9,0.773125
4117,0.2779,,,0.31547,0.00034258,9,0.216298
4146,0.2796,,,0.315134,0.000341562,9,0.388968
4175,0.2813,,,0.321051,0.000340537,9,0.290054
4204,0.2830,,,0.301314,0.000339505,9,0.214062
4233,0.2847,,,0.326466,0.000338465,9,0.378331
4262,0.2864,,,0.322472,0.000337417,9,0.235877
4291,0.2881,,,0.330098,0.000336363,9,1.30979
4320,0.2898,,,0.325606,0.000335302,9,0.263359
4349,0.2916,,,0.326311,0.000334233,9,0.286419
4378,0.2933,,,0.333581,0.000333158,9,0.236842
4407,0.2950,,,0.352676,0.000332075,9,0.242078
4436,0.2967,,,0.325502,0.000330986,9,0.417585
4465,0.2984,,,0.340706,0.00032989,9,0.227703
4494,0.3001,,,0.303024,0.000328787,9,0.188389
4523,0.3018,,,0.315994,0.000327677,9,0.18084
4539,0.3063,0.318397,0.322912,,,9,
4552,0.3075,,,0.313694,0.00032656,10,0.251015
4581,0.3092,,,0.327175,0.000325437,10,0.227511
4610,0.3109,,,0.313332,0.000324308,10,0.230701
4639,0.3126,,,0.335187,0.000323172,10,0.233851
4668,0.3143,,,0.314814,0.000322029,10,0.282544
4697,0.3161,,,0.316244,0.00032088,10,0.195203
4726,0.3179,,,0.308682,0.000319725,10,0.27865
4755,0.3196,,,0.32801,0.000318563,10,0.365595
4784,0.3214,,,0.311055,0.000317396,10,0.239057
4813,0.3231,,,0.306807,0.000316222,10,0.196473
4842,0.3248,,,0.343468,0.000315042,10,0.232533
4871,0.3265,,,0.333703,0.000313856,10,0.423124
4900,0.3282,,,0.312227,0.000312664,10,0.262883
4929,0.3299,,,0.336253,0.000311466,10,0.343329
4958,0.3317,,,0.324623,0.000310263,10,0.203156
4987,0.3333,,,0.330117,0.000309053,10,0.512475
4993,0.3372,0.313393,0.319938,,,10,
5016,0.3389,,,0.316278,0.000307838,11,0.393828
5045,0.3406,,,0.311402,0.000306617,11,0.235921
5074,0.3424,,,0.304823,0.000305391,11,0.257228
5103,0.3440,,,0.317479,0.000304159,11,0.239291
5132,0.3457,,,0.304248,0.000302922,11,0.300156
5161,0.3474,,,0.314006,0.000301679,11,0.728876
5190,0.3491,,,0.334109,0.000300432,11,0.257332
5219,0.3508,,,0.327858,0.000299178,11,0.320791
5248,0.3525,,,0.330232,0.00029792,11,4.7053
5277,0.3542,,,0.311391,0.000296656,11,0.276927
5306,0.3559,,,0.321952,0.000295388,11,0.296412
5335,0.3576,,,0.333699,0.000294114,11,0.567742
5364,0.3593,,,0.335423,0.000292836,11,0.426956
5393,0.3610,,,0.299441,0.000291553,11,0.341545
5422,0.3627,,,0.31736,0.000290265,11,0.282251
5447,0.3676,0.319015,0.319407,,,11,
5451,0.3683,,,0.311433,0.000288972,12,0.664152
5480,0.3700,,,0.329451,0.000287674,12,0.547216
5509,0.3720,,,0.31239,0.000286372,12,0.259234
5538,0.3737,,,0.304008,0.000285066,12,0.391748
5567,0.3754,,,0.329054,0.000283755,12,0.334795
5596,0.3771,,,0.31656,0.000282439,12,0.370271
5625,0.3788,,,0.335552,0.000281119,12,0.430541
5654,0.3805,,,0.328846,0.000279796,12,0.501973
5683,0.3822,,,0.324853,0.000278467,12,0.308502
5712,0.3839,,,0.324108,0.000277135,12,0.321053
5741,0.3857,,,0.319142,0.000275799,12,0.439902
5770,0.3874,,,0.312083,0.000274459,12,0.260313
5799,0.3891,,,0.292963,0.000273115,12,0.269215
5828,0.3908,,,0.326619,0.000271767,12,0.599209
5857,0.3925,,,0.328735,0.000270415,12,0.342688
5886,0.3942,,,0.302033,0.00026906,12,0.213333
5901,0.3985,0.31294,0.319867,,,12,
5915,0.3997,,,0.32685,0.000267701,13,0.38232
5944,0.4014,,,0.331924,0.000266338,13,0.504111
5973,0.4031,,,0.344752,0.000264972,13,0.409648
6002,0.4048,,,0.329355,0.000263603,13,0.600109
6031,0.4066,,,0.33347,0.00026223,13,0.366803
6060,0.4082,,,0.28686,0.000260854,13,0.65323
6089,0.4099,,,0.301901,0.000259475,13,0.323642
6118,0.4116,,,0.30663,0.000258093,13,2.62374
6147,0.4133,,,0.308591,0.000256707,13,0.268047
6176,0.4150,,,0.313983,0.000255319,13,0.332137
6205,0.4167,,,0.313462,0.000253928,13,1.90827
6234,0.4184,,,0.326012,0.000252534,13,0.270758
6263,0.4201,,,0.316235,0.000251137,13,0.445379
6292,0.4218,,,0.323257,0.000249738,13,0
6321,0.4235,,,nan,0.000248336,13,nan
6350,0.4251,,,0.373448,0.000246931,13,0
6355,0.4290,0.387609,nan,,,13,
6379,0.4307,,,nan,0.000245525,14,nan
6408,0.4324,,,0.420016,0.000244115,14,0
6437,0.4341,,,0.387293,0.000242704,14,0
6466,0.4358,,,nan,0.00024129,14,nan
6495,0.4375,,,0.381082,0.000239874,14,0
6524,0.4392,,,nan,0.000238455,14,nan
6553,0.4408,,,nan,0.000237035,14,nan
6582,0.4425,,,nan,0.000235613,14,nan
6611,0.4442,,,nan,0.000234189,14,nan
6640,0.4459,,,nan,0.000232764,14,nan
6669,0.4476,,,nan,0.000231336,14,nan
6698,0.4493,,,nan,0.000229907,14,nan
6727,0.4509,,,nan,0.000228476,14,nan
6756,0.4526,,,nan,0.000227044,14,nan
6785,0.4543,,,nan,0.000225611,14,nan
6809,0.4591,nan,nan,,,14,
6814,0.4598,,,nan,0.000224176,15,nan
6843,0.4615,,,nan,0.00022274,15,nan
6872,0.4632,,,nan,0.000221302,15,nan
6901,0.4649,,,nan,0.000219864,15,nan
6930,0.4665,,,nan,0.000218424,15,nan
6959,0.4682,,,nan,0.000216984,15,nan
6988,0.4699,,,nan,0.000215543,15,nan
7017,0.4716,,,nan,0.000214101,15,nan
7046,0.4733,,,nan,0.000212658,15,nan
7075,0.4750,,,nan,0.000211214,15,nan
7104,0.4766,,,nan,0.00020977,15,nan
7133,0.4783,,,nan,0.000208325,15,nan
7162,0.4800,,,nan,0.00020688,15,nan
7191,0.4817,,,nan,0.000205435,15,nan
7220,0.4834,,,nan,0.000203989,15,nan
7249,0.4850,,,nan,0.000202543,15,nan
7263,0.4893,nan,nan,,,15,
7278,0.4907,,,nan,0.000201097,16,nan
7307,0.4923,,,nan,0.000199651,16,nan
7336,0.4940,,,nan,0.000198205,16,nan
7365,0.4957,,,nan,0.000196759,16,nan
7394,0.4974,,,nan,0.000195313,16,nan
7423,0.4990,,,nan,0.000193867,16,nan
7452,0.5007,,,nan,0.000192422,16,nan
7481,0.5024,,,nan,0.000190977,16,nan
7510,0.5041,,,nan,0.000189533,16,nan
7539,0.5057,,,nan,0.000188089,16,nan
7568,0.5074,,,nan,0.000186646,16,nan
7597,0.5091,,,nan,0.000185203,16,nan
7626,0.5108,,,nan,0.000183761,16,nan
7655,0.5124,,,nan,0.00018232,16,nan
7684,0.5141,,,nan,0.00018088,16,nan
7713,0.5157,,,nan,0.000179441,16,nan
7717,0.5195,nan,nan,,,16,
7742,0.5214,,,nan,0.000178004,17,nan
7771,0.5231,,,nan,0.000176567,17,nan
7800,0.5249,,,nan,0.000175131,17,nan
7829,0.5266,,,nan,0.000173697,17,nan
7858,0.5283,,,nan,0.000172264,17,nan
7887,0.5301,,,nan,0.000170833,17,nan
7916,0.5317,,,nan,0.000169403,17,nan
7945,0.5335,,,nan,0.000167975,17,nan
7974,0.5352,,,nan,0.000166548,17,nan
8003,0.5369,,,nan,0.000165123,17,nan
8032,0.5385,,,nan,0.0001637,17,nan
8061,0.5403,,,nan,0.000162279,17,nan
8090,0.5420,,,nan,0.00016086,17,nan
8119,0.5437,,,nan,0.000159443,17,nan
8148,0.5453,,,nan,0.000158028,17,nan
8171,0.5501,nan,nan,,,17,
8177,0.5509,,,nan,0.000156615,18,nan
8206,0.5525,,,nan,0.000155204,18,nan
8235,0.5542,,,nan,0.000153796,18,nan
8264,0.5559,,,nan,0.00015239,18,nan
8293,0.5576,,,nan,0.000150987,18,nan
8322,0.5592,,,nan,0.000149586,18,nan
8351,0.5609,,,nan,0.000148188,18,nan
8380,0.5626,,,nan,0.000146793,18,nan
8409,0.5643,,,nan,0.0001454,18,nan
8438,0.5660,,,nan,0.00014401,18,nan
8467,0.5676,,,nan,0.000142623,18,nan
8496,0.5693,,,nan,0.00014124,18,nan
8525,0.5710,,,nan,0.000139859,18,nan
8554,0.5727,,,nan,0.000138481,18,nan
8583,0.5744,,,nan,0.000137107,18,nan
8612,0.5760,,,nan,0.000135736,18,nan
8625,0.5802,nan,nan,,,18,
8641,0.5815,,,nan,0.000134368,19,nan
8670,0.5832,,,nan,0.000133004,19,nan
8699,0.5849,,,nan,0.000131643,19,nan
8728,0.5866,,,nan,0.000130286,19,nan
8757,0.5882,,,nan,0.000128932,19,nan
8786,0.5899,,,nan,0.000127582,19,nan
8815,0.5916,,,nan,0.000126236,19,nan
8844,0.5933,,,nan,0.000124894,19,nan
8873,0.5950,,,nan,0.000123555,19,nan
8902,0.5966,,,nan,0.000122221,19,nan
8931,0.5983,,,nan,0.000120891,19,nan
8960,0.6000,,,nan,0.000119565,19,nan
8989,0.6017,,,nan,0.000118243,19,nan
9018,0.6034,,,nan,0.000116925,19,nan
9047,0.6050,,,nan,0.000115612,19,nan
9076,0.6067,,,nan,0.000114303,19,nan
9079,0.6104,nan,nan,,,19,
9105,0.6122,,,nan,0.000112999,20,nan
9134,0.6139,,,nan,0.000111699,20,nan
9163,0.6156,,,nan,0.000110404,20,nan
9192,0.6173,,,nan,0.000109113,20,nan
9221,0.6189,,,nan,0.000107827,20,nan
9250,0.6206,,,nan,0.000106546,20,nan
9279,0.6223,,,nan,0.00010527,20,nan
9308,0.6240,,,nan,0.000103999,20,nan
9337,0.6257,,,nan,0.000102733,20,nan
9366,0.6273,,,nan,0.000101472,20,nan
9395,0.6290,,,nan,0.000100216,20,nan
9424,0.6307,,,nan,9.89653e-05,20,nan
9453,0.6324,,,nan,9.772e-05,20,nan
9482,0.6341,,,nan,9.64799e-05,20,nan
9511,0.6357,,,nan,9.52453e-05,20,nan
9533,0.6404,nan,nan,,,20,
9540,0.6413,,,nan,9.40161e-05,21,nan
9569,0.6429,,,nan,9.27925e-05,21,nan
9598,0.6446,,,nan,9.15745e-05,21,nan
9627,0.6463,,,nan,9.03622e-05,21,nan
9656,0.6480,,,nan,8.91556e-05,21,nan
9685,0.6496,,,nan,8.79548e-05,21,nan
9714,0.6513,,,nan,8.67599e-05,21,nan
9743,0.6530,,,nan,8.55708e-05,21,nan
9772,0.6547,,,nan,8.43878e-05,21,nan
9801,0.6563,,,nan,8.32108e-05,21,nan
9830,0.6580,,,nan,8.20399e-05,21,nan
9859,0.6597,,,nan,8.08752e-05,21,nan
9888,0.6614,,,nan,7.97167e-05,21,nan
9917,0.6631,,,nan,7.85645e-05,21,nan
9946,0.6647,,,nan,7.74186e-05,21,nan
9975,0.6664,,,nan,7.62791e-05,21,nan
9987,0.6706,nan,nan,,,21,
10004,0.6719,,,nan,7.51462e-05,22,nan
10033,0.6736,,,nan,7.40197e-05,22,nan
10062,0.6753,,,nan,7.28998e-05,22,nan
10091,0.6770,,,nan,7.17866e-05,22,nan
10120,0.6787,,,nan,7.06801e-05,22,nan
10149,0.6803,,,nan,6.95803e-05,22,nan
10178,0.6820,,,nan,6.84874e-05,22,nan
10207,0.6837,,,nan,6.74013e-05,22,nan
10236,0.6854,,,nan,6.63222e-05,22,nan
10265,0.6871,,,nan,6.525e-05,22,nan
10294,0.6888,,,nan,6.41849e-05,22,nan
10323,0.6905,,,nan,6.31269e-05,22,nan
10352,0.6922,,,nan,6.20761e-05,22,nan
10381,0.6938,,,nan,6.10325e-05,22,nan
10410,0.6955,,,nan,5.99961e-05,22,nan
10439,0.6971,,,nan,5.8967e-05,22,nan
10441,0.7008,nan,nan,,,22,
10468,0.7027,,,nan,5.79454e-05,23,nan
10497,0.7044,,,nan,5.69311e-05,23,nan
10526,0.7060,,,nan,5.59244e-05,23,nan
10555,0.7077,,,nan,5.49251e-05,23,nan
10584,0.7094,,,nan,5.39335e-05,23,nan
10613,0.7111,,,nan,5.29495e-05,23,nan
10642,0.7127,,,nan,5.19731e-05,23,nan
10671,0.7144,,,nan,5.10046e-05,23,nan
10700,0.7161,,,nan,5.00438e-05,23,nan
10729,0.7178,,,nan,4.90908e-05,23,nan
10758,0.7195,,,nan,4.81457e-05,23,nan
10787,0.7211,,,nan,4.72086e-05,23,nan
10816,0.7228,,,nan,4.62795e-05,23,nan
10845,0.7245,,,nan,4.53584e-05,23,nan
10874,0.7262,,,nan,4.44454e-05,23,nan
10895,0.7308,nan,nan,,,23,
10903,0.7318,,,nan,4.35405e-05,24,nan
10932,0.7335,,,nan,4.26438e-05,24,nan
10961,0.7352,,,nan,4.17553e-05,24,nan
10990,0.7368,,,nan,4.08751e-05,24,nan
11019,0.7385,,,nan,4.00032e-05,24,nan
11048,0.7403,,,nan,3.91397e-05,24,nan
11077,0.7420,,,nan,3.82846e-05,24,nan
11106,0.7437,,,nan,3.74379e-05,24,nan
11135,0.7454,,,nan,3.65998e-05,24,nan
11164,0.7471,,,nan,3.57702e-05,24,nan
11193,0.7487,,,nan,3.49491e-05,24,nan
11222,0.7505,,,nan,3.41367e-05,24,nan
11251,0.7522,,,nan,3.3333e-05,24,nan
11280,0.7539,,,nan,3.2538e-05,24,nan
11309,0.7556,,,nan,3.17517e-05,24,nan
11338,0.7572,,,nan,3.09743e-05,24,nan
11349,0.7614,nan,nan,,,24,
11367,0.7629,,,nan,3.02057e-05,25,nan
11396,0.7645,,,nan,2.94459e-05,25,nan
11425,0.7662,,,nan,2.86951e-05,25,nan
11454,0.7679,,,nan,2.79532e-05,25,nan
11483,0.7695,,,nan,2.72203e-05,25,nan
11512,0.7712,,,nan,2.64965e-05,25,nan
11541,0.7729,,,nan,2.57817e-05,25,nan
11570,0.7746,,,nan,2.50761e-05,25,nan
11599,0.7762,,,nan,2.43795e-05,25,nan
11628,0.7779,,,nan,2.36922e-05,25,nan
11657,0.7796,,,nan,2.30141e-05,25,nan
11686,0.7813,,,nan,2.23452e-05,25,nan
11715,0.7829,,,nan,2.16856e-05,25,nan
11744,0.7846,,,nan,2.10354e-05,25,nan
11773,0.7863,,,nan,2.03945e-05,25,nan
11802,0.7879,,,nan,1.9763e-05,25,nan
11803,0.7915,nan,nan,,,25,
11831,0.7935,,,nan,1.91409e-05,26,nan
11860,0.7952,,,nan,1.85283e-05,26,nan
11889,0.7969,,,nan,1.79251e-05,26,nan
11918,0.7985,,,nan,1.73315e-05,26,nan
11947,0.8003,,,nan,1.67474e-05,26,nan
11976,0.8019,,,nan,1.61729e-05,26,nan
12005,0.8036,,,nan,1.56081e-05,26,nan
12034,0.8053,,,nan,1.50528e-05,26,nan
12063,0.8070,,,nan,1.45072e-05,26,nan
12092,0.8087,,,nan,1.39714e-05,26,nan
12121,0.8103,,,nan,1.34452e-05,26,nan
12150,0.8120,,,nan,1.29288e-05,26,nan
12179,0.8137,,,nan,1.24222e-05,26,nan
12208,0.8154,,,nan,1.19254e-05,26,nan
12237,0.8171,,,nan,1.14384e-05,26,nan
12257,0.8217,nan,nan,,,26,
12266,0.8226,,,nan,1.09613e-05,27,nan
12295,0.8242,,,nan,1.04941e-05,27,nan
12324,0.8259,,,nan,1.00368e-05,27,nan
12353,0.8276,,,nan,9.58937e-06,27,nan
12382,0.8293,,,nan,9.15193e-06,27,nan
12411,0.8309,,,nan,8.72448e-06,27,nan
12440,0.8326,,,nan,8.30702e-06,27,nan
12469,0.8343,,,nan,7.89958e-06,27,nan
12498,0.8359,,,nan,7.50219e-06,27,nan
12527,0.8376,,,nan,7.11486e-06,27,nan
12556,0.8393,,,nan,6.73761e-06,27,nan
12585,0.8410,,,nan,6.37047e-06,27,nan
12614,0.8427,,,nan,6.01345e-06,27,nan
12643,0.8443,,,nan,5.66658e-06,27,nan
12672,0.8460,,,nan,5.32986e-06,27,nan
12701,0.8477,,,nan,5.00333e-06,27,nan
12711,0.8517,nan,nan,,,27,
12730,0.8532,,,nan,4.68698e-06,28,nan
12759,0.8549,,,nan,4.38085e-06,28,nan
12788,0.8566,,,nan,4.08495e-06,28,nan
12817,0.8582,,,nan,3.79929e-06,28,nan
12846,0.8599,,,nan,3.52389e-06,28,nan
12875,0.8616,,,nan,3.25876e-06,28,nan
12904,0.8633,,,nan,3.00391e-06,28,nan
12933,0.8649,,,nan,2.75936e-06,28,nan
12962,0.8666,,,nan,2.52513e-06,28,nan
12991,0.8683,,,nan,2.30122e-06,28,nan
13020,0.8700,,,nan,2.08765e-06,28,nan
13049,0.8716,,,nan,1.88442e-06,28,nan
13078,0.8733,,,nan,1.69156e-06,28,nan
13107,0.8750,,,nan,1.50906e-06,28,nan
13136,0.8767,,,nan,1.33693e-06,28,nan
13165,0.8818,nan,nan,nan,1.1752e-06,28,nan
13194,0.8838,,,nan,1.02386e-06,29,nan
13223,0.8855,,,nan,8.8292e-07,29,nan
13252,0.8872,,,nan,7.52393e-07,29,nan
13281,0.8889,,,nan,6.32282e-07,29,nan
13310,0.8906,,,nan,5.22595e-07,29,nan
13339,0.8923,,,nan,4.23337e-07,29,nan
13368,0.8940,,,nan,3.34513e-07,29,nan
13397,0.8957,,,nan,2.56129e-07,29,nan
13426,0.8973,,,nan,1.88187e-07,29,nan
13455,0.8990,,,nan,1.30692e-07,29,nan
13484,0.9007,,,nan,8.36458e-08,29,nan
13513,0.9024,,,nan,4.70522e-08,29,nan
13542,0.9041,,,nan,2.09126e-08,29,nan
13571,0.9057,,,nan,5.22821e-09,29,nan
13599,0.9076,,nan,,,29,
